[
  {
    "question": "What is organ donation?",
    "answer": "Organ donation is the process of giving an organ or a part of an organ to be transplanted into another person who needs it."
  },
  {
    "question": "What organs can be donated?",
    "answer": "Organs that can be donated include the heart, kidneys, liver, lungs, pancreas, and intestines. Tissues such as corneas, skin, bones, and heart valves can also be donated."
  },
  {
    "question": "Who can become an organ donor?",
    "answer": "Anyone can become an organ donor regardless of age, gender, or medical history. Doctors will evaluate the organs at the time of death to determine if they are suitable for donation."
  },
  {
    "question": "Can I donate my organs while I am alive?",
    "answer": "Yes, some organs like one kidney or a portion of your liver can be donated while you are alive."
  },
  {
    "question": "How do I register as an organ donor?",
    "answer": "You can register online through the National Organ and Tissue Transplant Organization (NOTTO) or through our website's donor registration form."
  },
  {
    "question": "What is the legal age to become a donor?",
    "answer": "In India, you must be at least 18 years old to legally register as an organ donor."
  },
  {
    "question": "Can I change my mind after registering as a donor?",
    "answer": "Yes, you can change your decision at any time by updating your donor status or informing your family."
  },
  {
    "question": "How are organs matched with recipients?",
    "answer": "Organs are matched based on factors like blood type, body size, medical urgency, and geographical location."
  },
  {
    "question": "How do I register as a recipient?",
    "answer": "You must be referred by a registered transplant hospital and undergo a medical evaluation before being added to the waiting list."
  },
  {
    "question": "Can I donate if I have a medical condition?",
    "answer": "Many medical conditions do not disqualify you from donating. Final eligibility is determined at the time of donation."
  },
  {
    "question": "Is organ donation legal in India?",
    "answer": "Yes, organ donation is legal and regulated under the Transplantation of Human Organs and Tissues Act (THOTA), 1994."
  },
  {
    "question": "Can organ donors have a regular funeral?",
    "answer": "Yes, organ donors can still have an open-casket or traditional funeral. The body is treated with respect during and after donation."
  },
  {
    "question": "Will doctors still try to save my life if I’m a registered donor?",
    "answer": "Absolutely. Saving your life is the top priority. Donation is only considered after all lifesaving efforts have failed."
  },
  {
    "question": "Can people with HIV donate organs?",
    "answer": "Yes, HIV-positive individuals can donate to HIV-positive recipients under the HOPE Act in some cases."
  },
  {
    "question": "Do religious beliefs allow organ donation?",
    "answer": "Most major religions support organ donation as an act of charity and love."
  },
  {
    "question": "What is the National Organ and Tissue Transplant Organization (NOTTO)?",
    "answer": "NOTTO is the central organization in India that coordinates organ and tissue donation and transplantation activities."
  },
  {
    "question": "Are there any costs involved in donating organs?",
    "answer": "No, there is no cost to the donor or their family for organ donation."
  },
  {
    "question": "Can my family override my decision to donate?",
    "answer": "In India, family consent is usually required even if you are a registered donor. It's important to inform your family about your decision."
  },
  {
    "question": "Can organ donation save lives?",
    "answer": "Yes, one organ donor can save up to 8 lives and enhance the lives of many more through tissue donation."
  },
  {
    "question": "How can I promote organ donation awareness?",
    "answer": "You can share information, encourage others to register, participate in awareness campaigns, and volunteer with donation organizations."
  }
]
